97,Carlos Benitez Gonzalez,joni_43@hotmail.com,Cbenitez
98,Daniel Benito Diaz,idanibenito@hotmail.com,Dbenito
99,Sergio Blas de las Heras,sergioblas_97@hotmail.com,Sblas
100,Ana Calvo Sanchez,jorcalsan@hotmail.com,Acalvo
101,Joe Encarnacion Atiencia,Jhosu16@gmail.com,Jencarnacion
102,Román Fe Encabo,roman_14_fonta@hotmail.com,Rfe
103,Cosmin Haldan,alexandro_haldan@hotmail.com,Chaldan
105,Daniel Martín Corral,dani_atletico_F9.atm@hotmail.com,Dmartín
106,David Martinez Villanueva,davidmvlgm@gmail.com,Dmartinez
107,Andrea Navarrete Nieto,ananavarretenieto@gmail.com,Anavarrete
3,Demo User,None,demo
108,Robert Ozsvath,Robert.2.master@gmail.com,Rozsvath
109,Boris Radoslavov Marinov,borisfitness@yahoo.es,Bradoslavov
110,Noelia Ramos Ortega,gashasestrellaoscura@gmail.com,Nramos
1,Administrator,None,admin
15,Pepe22,hola@gmail,1234
104,Carlos Luz Higuera2,aaaa@gmail.com,12345678
