nombre,email,sexo
Luis Merino Torrado,lmerino@coitt.es,H
Carlos Benitez Gonzalez,joni_43@hotmail.com,H
Daniel Benito Diaz,idanibenito@hotmail.com,H
Sergio Blas de las Heras,sergioblas_97@hotmail.com,H
Ana Calvo Sanchez,jorcalsan@hotmail.com,H
Joe Encarnacion Atiencia,Jhosu16@gmail.com,H
Román Fe Encabo,roman_14_fonta@hotmail.com,H
Cosmin Haldan g,alexandro_haldan@hotmail.com,H
Carlos Luz Higuera,carlostwitter@gmail.com,H
Daniel Martín Corral,dani_atletico_F9.atm@hotmail.com,H
David Martinez Villanueva,davidmvlgm@gmail.com,H
Andrea Navarrete Nieto,ananavarretenieto@gmail.com,M
Robert Ozsvath g,Robert.2.master@gmail.com,H
Boris Radoslavov Marinov,borisfitness@yahoo.es,H
Noelia Ramos Ortega,gashasestrellaoscura@gmail.com,M