"ID Producto";"C�digo Producto";"Descripci�n";"Stock"
"23";"FURN_6666";"Acoustic Bloc Screens";"26.00"
"15";"E-COM11";"Cabinet with Doors";"60.00"
"18";"FURN_1118";"Corner Desk Left Sit";"18.00"
"8";"FURN_7800";"Desk Combination";"60.00"
"21";"FURN_7888";"Desk Stand with Screen";"33.00"
"24";"FURN_8855";"Drawer";"30.00"
"20";"FURN_9001";"Flipover";"22.00"
"25";"FURN_8220";"Four Person Desk";"10.00"
"13";"E-COM09";"Large Desk";"50.00"
"26";"FURN_6741";"Large Meeting Table";"2.00"
"17";"FURN_0269";"Office Chair Black";"700.00"
"14";"E-COM10";"Pedal Bin";"55.00"
"12";"E-COM08";"Storage Box";"45.00"
