id,name,display_name,street,phone,email,website,city,zip,category_id
72,Cliente 1,Cliente 1,C/ Inventada 123,910000000,cliente1@cliente.es,https://www.cliente1.es,Pioz,19162,[9]
73,Cliente2 Apellido1C2 Apellido2C2,Cliente2 Apellido1C2 Apellido2C2,C/Inventada2,920000000,cliente2@cliente.es,https://www.cliente2.es,Madrid,28000,[9]
74,Cliente3 Apellido1C3 Apellido2C3,Cliente3 Apellido1C3 Apellido2C3,C/Inventada3,930000000,cliente3@cliente.es,https://www.cliente3.es,Madrid,28000,[10]
49,Empresa demo,Empresa demo,C/ Inventada Demo,False,False,False,False,False,[]
50,Empresa demo,Empresa demo,False,False,False,False,False,False,[]
47,My Company (Chicago),My Company (Chicago),90 Streets Avenue,+1 312 349 3030,chicago@yourcompany.com,http://www.example.com,Chicago,60610,[]
60,Jeff Lawson,"My Company (Chicago), Jeff Lawson",90 Streets Avenue,(461)-417-6587,jeff.lawson52@example.com,False,Chicago,60610,[]
1,My Company (San Francisco),My Company (San Francisco),"250 Executive Park Blvd, Suite 3400",+1 (650) 691-3277 ,david.lopez@destinomultimedia.com,http://www.example.com,San Francisco,94134,[]
39,Chester Reed,"My Company (San Francisco), Chester Reed","250 Executive Park Blvd, Suite 3400",(979)-904-8902,chester.reed79@example.com,False,San Francisco,94134,[]
40,Dwayne Newman,"My Company (San Francisco), Dwayne Newman","250 Executive Park Blvd, Suite 3400",(614)-177-4937,dwayne.newman28@example.com,False,San Francisco,94134,[]
3,David López,"YourCompany, David López",215 Vine St,+1 555-555-5555,david.lopez.santos@gmail.com,https://www.destinomultimedia.com,Scranton,18503,[]
8,Joel Willis,"YourCompany, Joel Willis",858 Lynn Street,(683)-556-5104,joel.willis63@example.com,False,Bayonne,07002,[]
