id;name;commercial_partner_id;website;street;zip;city;email;phone
30;Antonio Vazquez Dias;12;;7500 W Linne Road;95304;Tracy;gardner36@example.com;(186)-612-6561
36;Sandra Nealfa Berna;12;;7500 W Linne Road;95304;Tracy;neal80@example.com;(430)-371-7293
99;Nuevo Mendoza Prueba;12;;7500 W Linne Road;95304;Tracy;travis.mendoza24@example.com;(840)-944-8661
57;ESrd Company Aire;57;http://www.esexample.com;A;"";Candasnos;info@company.esexample.com;+34 612 34 56 78
8;Joel Willis Fortu;8;;858 Lynn Street;07002;Bayonne;joel.willis63@example.com;(683)-556-5104
27;Nicole Ford Mustang;14;;4557 De Silva St;94538;Fremont;nicole.ford75@example.com;(946)-638-6034
33;Colleen Diaz Lopez;14;;4557 De Silva St;94538;Fremont;colleen.diaz83@example.com;(255)-595-8393
9;Wood Corner Rodriguez;9;http://www.wood-corner.com;1839 Arbor Way;95380;Turlock;wood.corner26@example.com;(623)-853-7197
21;Billy Foxas Ruben;12;;7500 W Linne Road;95304;Tracy;billy.fox45@example.com;(915)-498-5611
24;Kimy Snyder Foxae;12;;7500 W Linne Road;95304;Tracy;kim.snyder96@example.com;(215)-379-4865
25;Edith Sanchez Love;12;;7500 W Linne Road;95304;Tracy;edith.sanchez68@example.com;(938)-175-2048
37;Julie Richards Raya;12;;7500 W Linne Road;95304;Tracy;julie.richards84@example.com;(225)-148-7811
18;Douglas Fletcher Reya;10;;77 Santa Barbara Rd;94523;Pleasant Hill;douglas.fletcher51@example.com;(132)-553-7242
19;Floyd Steward Tome;10;;77 Santa Barbara Rd;94523;Pleasant Hill;floyd.steward34@example.com;(145)-138-3401
16;Willie Burke Dore;9;;1839 Arbor Way;95380;Turlock;willie.burke80@example.com;(846)-523-2111
17;Rony Gibson Meison;9;;1839 Arbor Way;95380;Turlock;ron.gibson76@example.com;(976)-397-4091
32;Tomy Ruiz Perez;9;;1839 Arbor Way;95380;Turlock;tom.ruiz89@example.com;(102)-834-1602
7;Marcos Vaquero Diaz;7;;3575  Buena Vista Avenue;97401;Eugene;mark.brown23@example.com;(441)-695-2334
10;Deco Addict Felta;10;http://www.deco-addict.com;77 Santa Barbara Rd;94523;Pleasant Hill;deco.addict82@example.com;(603)-996-3829
14;Azure Interior Program;14;http://www.azure-interior.com;4557 De Silva St;94538;Fremont;azure.Interior24@example.com;(870)-931-0505
59;Jeff Lawson Black;58;;90 Streets Avenue;60610;Chicago;jeff.lawson52@example.com;(461)-417-6587
22;Jesse Brown Navas;11;;317 Fairchild Dr;94535;Fairfield;jesse.brown74@example.com;(829)-386-3277
23;Soham Palmer Barco;11;;317 Fairchild Dr;94535;Fairfield;soham.palmer15@example.com;(379)-167-2040
26;Brandon Freeman Aruman;14;;4557 De Silva St;94538;Fremont;brandon.freeman55@example.com;(355)-687-3262
56;Pruden Rellan Poti;56;http://www.odoo.com;Calle3;29070;Madrid;Cliente3@odoo.com;951321459
11;Gemini Furniture Soul;11;http://www.gemini-furniture.com/;317 Fairchild Dr;94535;Fairfield;gemini.furniture39@example.com;(941)-284-4875
13;They Jackson Group;13;;1611 Peony Dr;95377;Tracy;jackson.group82@example.com;(334)-502-1024
15;Lumber Inac Rett;15;http://www.lumber-inc.com;1337 N San Joaquin St;95202;Stockton;lumber-inv92@example.com;(828)-316-0593
20;Edwin Hansen Lopez;11;;317 Fairchild Dr;94535;Fairfield;edwin.hansen58@example.com;(943)-352-2555
54;Tony Lopez Gonzalez;54;http://www.suelva.es;Calle 1;28038;Madrid;cliente1@suelva.es;912345678
28;Toni Rhodes Grey;13;;1611 Peony Dr;95377;Tracy;toni.rhodes11@example.com;(198)-539-4948
29;Gordon Owens Nort;13;;1611 Peony Dr;95377;Tracy;gordon.owens47@example.com;(336)-723-6569
31;Oscar Morgan Sert;11;;317 Fairchild Dr;94535;Fairfield;oscar.morgan11@example.com;(561)-239-1744
34;Lorraine Douglas Pront;15;;1337 N San Joaquin St;95202;Stockton;lorraine.douglas35@example.com;(443)-648-9155
39;Chester Reed Grand;1;;Av. de la industria S/N;19200;Azuqueca de henares;chester.reed79@example.com;(979)-904-8902
55;Royrt Lester Vimar;55;http://www.example.com;Calle 2;94538;Fremont;Cliente2@example.com;(870)-9315646
12;Ready Matet Diesel;12;http://www.ready-mat.com/;7500 W Linne Road;95304;Tracy;ready.mat28@example.com;(803)-873-6126
35;Addison Olson Roben;10;;77 Santa Barbara Rd;94523;Pleasant Hill;addison.olson28@example.com;(223)-399-7637
40;Dwayne Newman Went;1;;Av. de la industria S/N;19200;Azuqueca de henares;dwayne.newman28@example.com;(614)-177-4937
3;Antonio Vaquero Diaz;3;;215 Vine St;18503;Scranton;tony20030@yahoo.es;+1 555-555-5555
